Hypothesis,Demographic metric,Comm_var,Time period,Term,Robust regression coefficient,t-value,p-value,Standard error,r2,CI-2.5%,CI-97.5%
H1,Net reproductive rate,Species richness,T0-T1,Demographic,0.0041,0.2366,0.8134,0.0172,0.0014,-0.03,0.0381
H1,Net reproductive rate,Species richness,T0-T1,Community,-1e-4,-0.0039,0.9969,0.0248,0.0014,-0.0492,0.049
H1,Net reproductive rate,Species richness,T0-T1,Interaction,-0.0077,-0.3419,0.7331,0.0224,0.0014,-0.0521,0.0368
H1,Net reproductive rate,Species diversity,T0-T1,Demographic,-0.0011,-0.0635,0.9494,0.0168,0.0313,-0.0344,0.0323
H1,Net reproductive rate,Species diversity,T0-T1,Community,0.0232,1.0591,0.292,0.0219,0.0313,-0.0202,0.0666
H1,Net reproductive rate,Species diversity,T0-T1,Interaction,-0.0341,-1.5402,0.1265,0.0221,0.0313,-0.078,0.0098
H1,Net reproductive rate,Functional specialisation,T0-T1,Demographic,0.0057,0.3375,0.7364,0.017,0.0086,-0.0279,0.0394
H1,Net reproductive rate,Functional specialisation,T0-T1,Community,3e-4,0.016,0.9873,0.0213,0.0086,-0.0419,0.0426
H1,Net reproductive rate,Functional specialisation,T0-T1,Interaction,-0.0203,-1.2853,0.2015,0.0158,0.0086,-0.0515,0.011
H1,Net reproductive rate,Functional diversity,T0-T1,Demographic,0.0042,0.225,0.8224,0.0188,0.0043,-0.033,0.0415
H1,Net reproductive rate,Functional diversity,T0-T1,Community,0.014,0.6415,0.5226,0.0219,0.0043,-0.0294,0.0574
H1,Net reproductive rate,Functional diversity,T0-T1,Interaction,-3e-4,-0.0168,0.9866,0.0197,0.0043,-0.0393,0.0386
H1,Net reproductive rate,Total cover,T0-T1,Demographic,0.0041,0.2262,0.8215,0.0182,0.0053,-0.032,0.0403
H1,Net reproductive rate,Total cover,T0-T1,Community,0.0113,0.5198,0.6043,0.0216,0.0053,-0.0317,0.0542
H1,Net reproductive rate,Total cover,T0-T1,Interaction,-0.0106,-0.403,0.6878,0.0264,0.0053,-0.0629,0.0416
H1,Per capita reproduction,Species richness,T0-T1,Demographic,-0.0137,-0.7628,0.4475,0.018,0.0188,-0.0495,0.022
H1,Per capita reproduction,Species richness,T0-T1,Community,-9e-4,-0.035,0.9722,0.0243,0.0188,-0.0492,0.0475
H1,Per capita reproduction,Species richness,T0-T1,Interaction,0.0177,1.088,0.2794,0.0163,0.0188,-0.0146,0.0501
H1,Per capita reproduction,Species diversity,T0-T1,Demographic,-0.0159,-1.0949,0.2764,0.0145,0.0377,-0.0447,0.0129
H1,Per capita reproduction,Species diversity,T0-T1,Community,0.0316,1.5807,0.1174,0.02,0.0377,-0.0081,0.0714
H1,Per capita reproduction,Species diversity,T0-T1,Interaction,-0.004,-0.2448,0.8071,0.0165,0.0377,-0.0368,0.0287
H1,Per capita reproduction,Functional specialisation,T0-T1,Demographic,-0.0272,-1.4594,0.1479,0.0186,0.0201,-0.0641,0.0098
H1,Per capita reproduction,Functional specialisation,T0-T1,Community,0.0152,0.667,0.5065,0.0228,0.0201,-0.0301,0.0605
H1,Per capita reproduction,Functional specialisation,T0-T1,Interaction,0.0076,0.5765,0.5657,0.0132,0.0201,-0.0187,0.0339
H1,Per capita reproduction,Functional diversity,T0-T1,Demographic,-0.0187,-1.0966,0.2757,0.017,0.0145,-0.0524,0.0151
H1,Per capita reproduction,Functional diversity,T0-T1,Community,0.0096,0.4274,0.6701,0.0224,0.0145,-0.0349,0.0541
H1,Per capita reproduction,Functional diversity,T0-T1,Interaction,0.0043,0.4078,0.6844,0.0107,0.0145,-0.0168,0.0255
H1,Per capita reproduction,Total cover,T0-T1,Demographic,-0.0149,-0.6893,0.4924,0.0216,0.0143,-0.0579,0.0281
H1,Per capita reproduction,Total cover,T0-T1,Community,0.0084,0.4043,0.6869,0.0209,0.0143,-0.033,0.0499
H1,Per capita reproduction,Total cover,T0-T1,Interaction,0.0089,0.5874,0.5584,0.0152,0.0143,-0.0212,0.0391
H1,Net reproductive rate,Species richness,T0-T2,Demographic,0.0862,0.8054,0.4226,0.107,0.0293,-0.1262,0.2985
H1,Net reproductive rate,Species richness,T0-T2,Community,0.0291,0.9165,0.3617,0.0317,0.0293,-0.0339,0.092
H1,Net reproductive rate,Species richness,T0-T2,Interaction,0.0911,1.0408,0.3006,0.0875,0.0293,-0.0826,0.2648
H1,Net reproductive rate,Species diversity,T0-T2,Demographic,0.0168,0.131,0.8961,0.1281,0.0203,-0.2375,0.2711
H1,Net reproductive rate,Species diversity,T0-T2,Community,0.0307,0.9001,0.3703,0.0341,0.0203,-0.0369,0.0983
H1,Net reproductive rate,Species diversity,T0-T2,Interaction,0.0377,0.2991,0.7655,0.1262,0.0203,-0.2127,0.2882
H1,Net reproductive rate,Functional specialisation,T0-T2,Demographic,-0.0766,-1.6995,0.0925,0.0451,0.0286,-0.1661,0.0129
H1,Net reproductive rate,Functional specialisation,T0-T2,Community,0.0204,0.7398,0.4612,0.0275,0.0286,-0.0343,0.075
H1,Net reproductive rate,Functional specialisation,T0-T2,Interaction,-0.0726,-1.2621,0.21,0.0575,0.0286,-0.1867,0.0416
H1,Net reproductive rate,Functional diversity,T0-T2,Demographic,0.0211,0.9079,0.3662,0.0233,0.0605,-0.0251,0.0673
H1,Net reproductive rate,Functional diversity,T0-T2,Community,-0.0014,-0.0483,0.9615,0.028,0.0605,-0.0568,0.0541
H1,Net reproductive rate,Functional diversity,T0-T2,Interaction,0.2097,2.1333,0.0355,0.0983,0.0605,0.0146,0.4049
H1,Net reproductive rate,Total cover,T0-T2,Demographic,0.1013,1.136,0.2588,0.0892,0.054,-0.0757,0.2784
H1,Net reproductive rate,Total cover,T0-T2,Community,0.055,1.9463,0.0545,0.0283,0.054,-0.0011,0.1112
H1,Net reproductive rate,Total cover,T0-T2,Interaction,0.1546,1.4085,0.1622,0.1098,0.054,-0.0633,0.3725
H1,Per capita reproduction,Species richness,T0-T2,Demographic,-0.0187,-0.5387,0.5915,0.0347,0.009,-0.0876,0.0503
H1,Per capita reproduction,Species richness,T0-T2,Community,0.0232,0.7967,0.4278,0.0291,0.009,-0.0347,0.0811
H1,Per capita reproduction,Species richness,T0-T2,Interaction,0.0198,0.6724,0.5031,0.0295,0.009,-0.0388,0.0784
H1,Per capita reproduction,Species diversity,T0-T2,Demographic,0.005,0.3559,0.7228,0.0141,0.0362,-0.0229,0.033
H1,Per capita reproduction,Species diversity,T0-T2,Community,0.0192,0.6976,0.4873,0.0276,0.0362,-0.0356,0.074
H1,Per capita reproduction,Species diversity,T0-T2,Interaction,-0.0477,-3.0776,0.0028,0.0155,0.0362,-0.0785,-0.0169
H1,Per capita reproduction,Functional specialisation,T0-T2,Demographic,-0.03,-0.8783,0.3822,0.0341,0.0242,-0.0978,0.0378
H1,Per capita reproduction,Functional specialisation,T0-T2,Community,0.0451,1.3322,0.1863,0.0339,0.0242,-0.0222,0.1124
H1,Per capita reproduction,Functional specialisation,T0-T2,Interaction,0.0525,1.0599,0.2921,0.0496,0.0242,-0.046,0.1511
H1,Per capita reproduction,Functional diversity,T0-T2,Demographic,0.0039,0.1392,0.8896,0.0283,0.0071,-0.0522,0.0601
H1,Per capita reproduction,Functional diversity,T0-T2,Community,-0.016,-0.4587,0.6476,0.0349,0.0071,-0.0854,0.0534
H1,Per capita reproduction,Functional diversity,T0-T2,Interaction,-0.0248,-0.6453,0.5204,0.0384,0.0071,-0.1012,0.0516
H1,Per capita reproduction,Total cover,T0-T2,Demographic,-0.0156,-0.4949,0.6219,0.0315,0.0254,-0.0782,0.047
H1,Per capita reproduction,Total cover,T0-T2,Community,0.0415,1.5476,0.1254,0.0268,0.0254,-0.0118,0.0949
H1,Per capita reproduction,Total cover,T0-T2,Interaction,0.034,1.1121,0.2692,0.0306,0.0254,-0.0268,0.0949
H1,Net reproductive rate,Species richness,T0-T3,Demographic,0.0574,0.8997,0.3709,0.0638,0.0695,-0.0694,0.1841
H1,Net reproductive rate,Species richness,T0-T3,Community,-0.004,-0.1231,0.9023,0.0323,0.0695,-0.0682,0.0602
H1,Net reproductive rate,Species richness,T0-T3,Interaction,0.0616,0.7695,0.4437,0.0801,0.0695,-0.0976,0.2209
H1,Net reproductive rate,Species diversity,T0-T3,Demographic,0.1065,1.1238,0.2643,0.0947,0.1084,-0.0819,0.2948
H1,Net reproductive rate,Species diversity,T0-T3,Community,0.0228,0.5876,0.5584,0.0387,0.1084,-0.0543,0.0998
H1,Net reproductive rate,Species diversity,T0-T3,Interaction,0.0876,1.0733,0.2862,0.0816,0.1084,-0.0747,0.25
H1,Net reproductive rate,Functional specialisation,T0-T3,Demographic,0.135,2.1195,0.037,0.0637,0.341,0.0083,0.2617
H1,Net reproductive rate,Functional specialisation,T0-T3,Community,-0.0049,-0.199,0.8427,0.0245,0.341,-0.0535,0.0438
H1,Net reproductive rate,Functional specialisation,T0-T3,Interaction,-0.155,-3.3545,0.0012,0.0462,0.341,-0.2468,-0.0631
H1,Net reproductive rate,Functional diversity,T0-T3,Demographic,0.0573,1.1675,0.2463,0.0491,0.1828,-0.0403,0.155
H1,Net reproductive rate,Functional diversity,T0-T3,Community,-0.0286,-1.1911,0.237,0.024,0.1828,-0.0763,0.0191
H1,Net reproductive rate,Functional diversity,T0-T3,Interaction,0.0965,2.3466,0.0213,0.0411,0.1828,0.0147,0.1782
H1,Net reproductive rate,Total cover,T0-T3,Demographic,0.0722,1.2508,0.2145,0.0577,0.0903,-0.0426,0.1869
H1,Net reproductive rate,Total cover,T0-T3,Community,0.0217,0.8534,0.3959,0.0254,0.0903,-0.0289,0.0723
H1,Net reproductive rate,Total cover,T0-T3,Interaction,0.08,1.6789,0.0969,0.0477,0.0903,-0.0148,0.1748
H1,Per capita reproduction,Species richness,T0-T3,Demographic,-0.0154,-1.0642,0.2907,0.0144,0.008,-0.0442,0.0134
H1,Per capita reproduction,Species richness,T0-T3,Community,-0.0133,-0.5582,0.5784,0.0238,0.008,-0.0607,0.0341
H1,Per capita reproduction,Species richness,T0-T3,Interaction,0.0033,0.2466,0.8059,0.0134,0.008,-0.0235,0.0301
H1,Per capita reproduction,Species diversity,T0-T3,Demographic,-0.0141,-0.7499,0.4556,0.0188,0.0092,-0.0516,0.0234
H1,Per capita reproduction,Species diversity,T0-T3,Community,-0.0136,-0.527,0.5997,0.0259,0.0092,-0.0652,0.0379
H1,Per capita reproduction,Species diversity,T0-T3,Interaction,0.0083,0.3643,0.7167,0.0229,0.0092,-0.0373,0.054
H1,Per capita reproduction,Functional specialisation,T0-T3,Demographic,-0.0376,-1.6266,0.108,0.0231,0.0588,-0.0835,0.0084
H1,Per capita reproduction,Functional specialisation,T0-T3,Community,0.0562,1.9591,0.0538,0.0287,0.0588,-9e-4,0.1133
H1,Per capita reproduction,Functional specialisation,T0-T3,Interaction,0.0018,0.1836,0.8548,0.0097,0.0588,-0.0176,0.0211
H1,Per capita reproduction,Functional diversity,T0-T3,Demographic,0.0126,0.2041,0.8388,0.0616,0.1107,-0.1102,0.1353
H1,Per capita reproduction,Functional diversity,T0-T3,Community,-0.007,-0.2418,0.8096,0.0291,0.1107,-0.0651,0.051
H1,Per capita reproduction,Functional diversity,T0-T3,Interaction,0.1989,2.4269,0.0176,0.082,0.1107,0.0356,0.3622
H1,Per capita reproduction,Total cover,T0-T3,Demographic,-0.0163,-1.3165,0.192,0.0124,0.0058,-0.0409,0.0083
H1,Per capita reproduction,Total cover,T0-T3,Community,0.0059,0.2498,0.8034,0.0235,0.0058,-0.041,0.0528
H1,Per capita reproduction,Total cover,T0-T3,Interaction,-0.0044,-0.6135,0.5414,0.0072,0.0058,-0.0188,0.01
H2,Generation time,Species richness,T0-T1,Demographic,0.0589,2.9745,0.0037,0.0198,0.0796,0.0196,0.0982
H2,Generation time,Species richness,T0-T1,Community,-0.0156,-0.6327,0.5284,0.0246,0.0796,-0.0644,0.0333
H2,Generation time,Species richness,T0-T1,Interaction,-2e-4,-0.0114,0.9909,0.0181,0.0796,-0.0361,0.0356
H2,Generation time,Species diversity,T0-T1,Demographic,0.0765,1.3724,0.1731,0.0557,0.0863,-0.0341,0.187
H2,Generation time,Species diversity,T0-T1,Community,0.001,0.0331,0.9736,0.0294,0.0863,-0.0574,0.0593
H2,Generation time,Species diversity,T0-T1,Interaction,-0.0181,-0.4156,0.6786,0.0435,0.0863,-0.1043,0.0682
H2,Generation time,Functional specialisation,T0-T1,Demographic,0.0621,3.2921,0.0014,0.0189,0.0867,0.0247,0.0995
H2,Generation time,Functional specialisation,T0-T1,Community,0.0036,0.1682,0.8668,0.0212,0.0867,-0.0384,0.0456
H2,Generation time,Functional specialisation,T0-T1,Interaction,0.0217,1.1887,0.2375,0.0183,0.0867,-0.0146,0.058
H2,Generation time,Functional diversity,T0-T1,Demographic,0.0513,2.4747,0.0151,0.0207,0.1067,0.0102,0.0924
H2,Generation time,Functional diversity,T0-T1,Community,0.0223,1.0519,0.2954,0.0212,0.1067,-0.0198,0.0644
H2,Generation time,Functional diversity,T0-T1,Interaction,0.0383,1.384,0.1695,0.0277,0.1067,-0.0166,0.0933
H2,Generation time,Total cover,T0-T1,Demographic,0.0546,2.9522,0.0039,0.0185,0.0796,0.0179,0.0913
H2,Generation time,Total cover,T0-T1,Community,0.0033,0.1644,0.8698,0.0203,0.0796,-0.037,0.0437
H2,Generation time,Total cover,T0-T1,Interaction,0.0058,0.4258,0.6712,0.0136,0.0796,-0.0212,0.0327
H2,Age at first reproduction,Species richness,T0-T1,Demographic,0.0593,1.956,0.0531,0.0303,0.069,-8e-4,0.1194
H2,Age at first reproduction,Species richness,T0-T1,Community,0.0067,0.2945,0.769,0.0228,0.069,-0.0385,0.0519
H2,Age at first reproduction,Species richness,T0-T1,Interaction,0.0028,0.1042,0.9172,0.0274,0.069,-0.0514,0.0571
H2,Age at first reproduction,Species diversity,T0-T1,Demographic,0.0597,2.1523,0.0337,0.0277,0.0951,0.0047,0.1147
H2,Age at first reproduction,Species diversity,T0-T1,Community,0.0263,1.3195,0.1899,0.0199,0.0951,-0.0132,0.0657
H2,Age at first reproduction,Species diversity,T0-T1,Interaction,0.0022,0.0969,0.923,0.0229,0.0951,-0.0431,0.0476
H2,Age at first reproduction,Functional specialisation,T0-T1,Demographic,0.0607,3.0427,0.003,0.0199,0.0785,0.0211,0.1002
H2,Age at first reproduction,Functional specialisation,T0-T1,Community,0.0086,0.4021,0.6884,0.0215,0.0785,-0.034,0.0512
H2,Age at first reproduction,Functional specialisation,T0-T1,Interaction,-0.0014,-0.0592,0.9529,0.0244,0.0785,-0.0499,0.047
H2,Age at first reproduction,Functional diversity,T0-T1,Demographic,0.0641,1.9251,0.057,0.0333,0.0852,-0.0019,0.1302
H2,Age at first reproduction,Functional diversity,T0-T1,Community,0.0172,0.8069,0.4216,0.0214,0.0852,-0.0251,0.0596
H2,Age at first reproduction,Functional diversity,T0-T1,Interaction,0.0059,0.1833,0.8549,0.0324,0.0852,-0.0583,0.0701
H2,Age at first reproduction,Total cover,T0-T1,Demographic,0.0606,1.9787,0.0505,0.0306,0.0734,-1e-4,0.1213
H2,Age at first reproduction,Total cover,T0-T1,Community,0.0162,0.774,0.4407,0.0209,0.0734,-0.0252,0.0575
H2,Age at first reproduction,Total cover,T0-T1,Interaction,0.0033,0.1176,0.9066,0.0279,0.0734,-0.0521,0.0587
H2,Generation time,Species richness,T0-T2,Demographic,0.0265,1.2255,0.2236,0.0216,0.02,-0.0164,0.0694
H2,Generation time,Species richness,T0-T2,Community,0.0017,0.0574,0.9544,0.0299,0.02,-0.0576,0.0611
H2,Generation time,Species richness,T0-T2,Interaction,0.0063,0.5682,0.5713,0.0111,0.02,-0.0157,0.0283
H2,Generation time,Species diversity,T0-T2,Demographic,-0.063,-1.1475,0.2542,0.0549,0.0552,-0.1721,0.0461
H2,Generation time,Species diversity,T0-T2,Community,0.0169,0.5894,0.5571,0.0287,0.0552,-0.0402,0.074
H2,Generation time,Species diversity,T0-T2,Interaction,0.0746,2.1218,0.0366,0.0351,0.0552,0.0047,0.1444
H2,Generation time,Functional specialisation,T0-T2,Demographic,0.0349,2.0722,0.0411,0.0168,0.0377,0.0014,0.0683
H2,Generation time,Functional specialisation,T0-T2,Community,0.0325,1.0875,0.2798,0.0299,0.0377,-0.0269,0.0919
H2,Generation time,Functional specialisation,T0-T2,Interaction,8e-4,0.0439,0.9651,0.0174,0.0377,-0.0339,0.0354
H2,Generation time,Functional diversity,T0-T2,Demographic,0.0336,1.9756,0.0513,0.017,0.0268,-2e-4,0.0674
H2,Generation time,Functional diversity,T0-T2,Community,-0.0096,-0.3067,0.7598,0.0312,0.0268,-0.0716,0.0524
H2,Generation time,Functional diversity,T0-T2,Interaction,0.02,0.4878,0.6269,0.041,0.0268,-0.0615,0.1015
H2,Generation time,Total cover,T0-T2,Demographic,0.0293,1.7869,0.0774,0.0164,0.0303,-0.0033,0.0619
H2,Generation time,Total cover,T0-T2,Community,0.026,0.8959,0.3727,0.0291,0.0303,-0.0317,0.0838
H2,Generation time,Total cover,T0-T2,Interaction,6e-4,0.0766,0.9391,0.0084,0.0303,-0.016,0.0173
H2,Age at first reproduction,Species richness,T0-T2,Demographic,-8e-4,-0.0417,0.9668,0.0195,0.0144,-0.0395,0.0378
H2,Age at first reproduction,Species richness,T0-T2,Community,0.0182,0.61240000000000006,0.5417,0.0296,0.0144,-0.0407,0.077
H2,Age at first reproduction,Species richness,T0-T2,Interaction,0.0189,1.4144,0.1605,0.0133,0.0144,-0.0076,0.0454
H2,Age at first reproduction,Species diversity,T0-T2,Demographic,-0.0023,-0.1322,0.8951,0.0172,0.0427,-0.0364,0.0318
H2,Age at first reproduction,Species diversity,T0-T2,Community,0.0219,0.8414,0.4022,0.026,0.0427,-0.0297,0.0735
H2,Age at first reproduction,Species diversity,T0-T2,Interaction,0.0405,3.2388,0.0017,0.0125,0.0427,0.0157,0.0654
H2,Age at first reproduction,Functional specialisation,T0-T2,Demographic,-0.0083,-0.2961,0.7678,0.0281,0.012,-0.0642,0.0475
H2,Age at first reproduction,Functional specialisation,T0-T2,Community,0.0267,0.862,0.3908,0.031,0.012,-0.0348,0.0883
H2,Age at first reproduction,Functional specialisation,T0-T2,Interaction,-0.0101,-0.4055,0.686,0.0249,0.012,-0.0595,0.0393
H2,Age at first reproduction,Functional diversity,T0-T2,Demographic,-0.0065,-0.2318,0.8172,0.028,0.0046,-0.0622,0.0492
H2,Age at first reproduction,Functional diversity,T0-T2,Community,-0.0131,-0.3819,0.7034,0.0342,0.0046,-0.0809,0.0548
H2,Age at first reproduction,Functional diversity,T0-T2,Interaction,0.0105,0.2078,0.8358,0.0506,0.0046,-0.09,0.111
H2,Age at first reproduction,Total cover,T0-T2,Demographic,-0.0039,-0.1947,0.846,0.02,0.025,-0.0437,0.0359
H2,Age at first reproduction,Total cover,T0-T2,Community,0.0381,1.4311,0.1557,0.0266,0.025,-0.0147,0.0909
H2,Age at first reproduction,Total cover,T0-T2,Interaction,0.0093,0.5727,0.5682,0.0162,0.025,-0.0229,0.0415
H2,Generation time,Species richness,T0-T3,Demographic,-0.0097,-0.4452,0.6574,0.0217,0.0144,-0.0528,0.0335
H2,Generation time,Species richness,T0-T3,Community,-0.0228,-0.9614,0.3393,0.0237,0.0144,-0.07,0.0244
H2,Generation time,Species richness,T0-T3,Interaction,0.0118,0.7965,0.4282,0.0148,0.0144,-0.0177,0.0413
H2,Generation time,Species diversity,T0-T3,Demographic,-0.0885,-1.4012,0.1651,0.0632,0.0332,-0.2142,0.0372
H2,Generation time,Species diversity,T0-T3,Community,0.0024,0.0856,0.932,0.0276,0.0332,-0.0525,0.0572
H2,Generation time,Species diversity,T0-T3,Interaction,0.0703,1.6434,0.1043,0.0428,0.0332,-0.0149,0.1555
H2,Generation time,Functional specialisation,T0-T3,Demographic,-0.0026,-0.1471,0.8834,0.0175,0.0179,-0.0373,0.0322
H2,Generation time,Functional specialisation,T0-T3,Community,0.0288,1.1175,0.2672,0.0258,0.0179,-0.0225,0.0802
H2,Generation time,Functional specialisation,T0-T3,Interaction,0.0042,0.208,0.8357,0.0202,0.0179,-0.036,0.0444
H2,Generation time,Functional diversity,T0-T3,Demographic,-0.0044,-0.2412,0.81,0.0183,0.016,-0.0407,0.0319
H2,Generation time,Functional diversity,T0-T3,Community,-0.0278,-0.9322,0.3541,0.0298,0.016,-0.0872,0.0316
H2,Generation time,Functional diversity,T0-T3,Interaction,-0.0358,-0.9128,0.3641,0.0392,0.016,-0.1139,0.0423
H2,Generation time,Total cover,T0-T3,Demographic,-0.0097,-0.4886,0.6265,0.0199,0.0062,-0.0492,0.0298
H2,Generation time,Total cover,T0-T3,Community,-0.007,-0.2937,0.7698,0.0237,0.0062,-0.0542,0.0403
H2,Generation time,Total cover,T0-T3,Interaction,0.0121,0.9684,0.3358,0.0125,0.0062,-0.0127,0.0369
H2,Age at first reproduction,Species richness,T0-T3,Demographic,0.0201,0.9899,0.3251,0.0203,0.0248,-0.0203,0.0606
H2,Age at first reproduction,Species richness,T0-T3,Community,-0.0152,-0.658,0.5124,0.0232,0.0248,-0.0613,0.0308
H2,Age at first reproduction,Species richness,T0-T3,Interaction,-0.0122,-0.8491,0.3983,0.0144,0.0248,-0.0408,0.0164
H2,Age at first reproduction,Species diversity,T0-T3,Demographic,0.0259,1.275,0.2059,0.0203,0.0176,-0.0145,0.0664
H2,Age at first reproduction,Species diversity,T0-T3,Community,-0.0142,-0.6308,0.5299,0.0226,0.0176,-0.0592,0.0307
H2,Age at first reproduction,Species diversity,T0-T3,Interaction,-0.0015,-0.0976,0.9225,0.0149,0.0176,-0.0311,0.0282
H2,Age at first reproduction,Functional specialisation,T0-T3,Demographic,0.0206,0.8903,0.3759,0.0231,0.0465,-0.0254,0.0666
H2,Age at first reproduction,Functional specialisation,T0-T3,Community,0.0332,1.321,0.1901,0.0251,0.0465,-0.0168,0.0832
H2,Age at first reproduction,Functional specialisation,T0-T3,Interaction,-0.0248,-1.4184,0.1598,0.0175,0.0465,-0.0596,0.01
H2,Age at first reproduction,Functional diversity,T0-T3,Demographic,0.0253,1.0178,0.3117,0.0248,0.0306,-0.0241,0.0747
H2,Age at first reproduction,Functional diversity,T0-T3,Community,-0.028,-0.9608,0.3395,0.0292,0.0306,-0.0861,0.03
H2,Age at first reproduction,Functional diversity,T0-T3,Interaction,-0.0029,-0.0473,0.9624,0.0612,0.0306,-0.1247,0.1189
H2,Age at first reproduction,Total cover,T0-T3,Demographic,0.0207,1.0161,0.3125,0.0204,0.0234,-0.0198,0.0613
H2,Age at first reproduction,Total cover,T0-T3,Community,0.0077,0.3372,0.7368,0.0228,0.0234,-0.0377,0.053
H2,Age at first reproduction,Total cover,T0-T3,Interaction,-0.0182,-1.1834,0.24,0.0154,0.0234,-0.0489,0.0124
H3,First step attenuation,Species richness,T0-T1,Demographic,0.0382,1.5618,0.1213,0.0245,0.0519,-0.0103,0.0867
H3,First step attenuation,Species richness,T0-T1,Community,0.0035,0.1569,0.8756,0.0226,0.0519,-0.0412,0.0483
H3,First step attenuation,Species richness,T0-T1,Interaction,0.0402,2.4075,0.0178,0.0167,0.0519,0.0071,0.0733
H3,First step attenuation,Species diversity,T0-T1,Demographic,0.0438,2.2597,0.0259,0.0194,0.1022,0.0054,0.0822
H3,First step attenuation,Species diversity,T0-T1,Community,0.0261,1.1525,0.2517,0.0226,0.1022,-0.0188,0.071
H3,First step attenuation,Species diversity,T0-T1,Interaction,0.0443,2.8319,0.0055,0.0156,0.1022,0.0133,0.0753
H3,First step attenuation,Functional specialisation,T0-T1,Demographic,0.0349,1.3688,0.174,0.0255,0.0302,-0.0157,0.0856
H3,First step attenuation,Functional specialisation,T0-T1,Community,2e-4,0.0095,0.9924,0.0229,0.0302,-0.0451,0.0455
H3,First step attenuation,Functional specialisation,T0-T1,Interaction,-0.0161,-1.0788,0.2832,0.015,0.0302,-0.0458,0.0135
H3,First step attenuation,Functional diversity,T0-T1,Demographic,0.0474,1.5887,0.1152,0.0298,0.0444,-0.0118,0.1065
H3,First step attenuation,Functional diversity,T0-T1,Community,0.025,1.0326,0.3042,0.0242,0.0444,-0.023,0.0729
H3,First step attenuation,Functional diversity,T0-T1,Interaction,0.0275,1.1907,0.2365,0.0231,0.0444,-0.0183,0.0734
H3,First step attenuation,Total cover,T0-T1,Demographic,0.042,2.8567,0.0052,0.0147,0.1095,0.0128,0.0711
H3,First step attenuation,Total cover,T0-T1,Community,0.0124,0.7063,0.4816,0.0175,0.1095,-0.0224,0.0471
H3,First step attenuation,Total cover,T0-T1,Interaction,0.0479,4.9644,0,0.0097,0.1095,0.0288,0.0671
H3,Reactivity,Species richness,T0-T1,Demographic,-0.0454,-2.7197,0.0079,0.0167,0.0355,-0.0787,-0.0122
H3,Reactivity,Species richness,T0-T1,Community,0.0064,0.2565,0.7982,0.0249,0.0355,-0.0432,0.056
H3,Reactivity,Species richness,T0-T1,Interaction,0.0043,0.2807,0.7796,0.0153,0.0355,-0.0262,0.0348
H3,Reactivity,Species diversity,T0-T1,Demographic,-0.0519,-2.2392,0.0278,0.0232,0.0597,-0.0979,-0.0058
H3,Reactivity,Species diversity,T0-T1,Community,0.0175,0.6543,0.5147,0.0267,0.0597,-0.0356,0.0706
H3,Reactivity,Species diversity,T0-T1,Interaction,-0.034,-0.9929,0.3236,0.0342,0.0597,-0.1021,0.0341
H3,Reactivity,Functional specialisation,T0-T1,Demographic,-0.0525,-2.7824,0.0067,0.0189,0.0473,-0.0901,-0.015
H3,Reactivity,Functional specialisation,T0-T1,Community,0.0241,1.031,0.3055,0.0234,0.0473,-0.0224,0.0706
H3,Reactivity,Functional specialisation,T0-T1,Interaction,0.0064,0.3697,0.7125,0.0172,0.0473,-0.0279,0.0407
H3,Reactivity,Functional diversity,T0-T1,Demographic,-0.0415,-2.1553,0.034,0.0192,0.039,-0.0797,-0.0032
H3,Reactivity,Functional diversity,T0-T1,Community,0.0127,0.4993,0.6189,0.0253,0.039,-0.0377,0.063
H3,Reactivity,Functional diversity,T0-T1,Interaction,0.007,0.3482,0.7285,0.0201,0.039,-0.033,0.047
H3,Reactivity,Total cover,T0-T1,Demographic,-0.046,-2.5054,0.0142,0.0183,0.0403,-0.0824,-0.0095
H3,Reactivity,Total cover,T0-T1,Community,0.0141,0.6909,0.4916,0.0205,0.0403,-0.0265,0.0548
H3,Reactivity,Total cover,T0-T1,Interaction,-0.0066,-0.423,0.6734,0.0156,0.0403,-0.0377,0.0244
H3,First step attenuation,Species richness,T0-T2,Demographic,0.0178,0.7375,0.4626,0.0241,0.0112,-0.0301,0.0656
H3,First step attenuation,Species richness,T0-T2,Community,0.0232,0.8235,0.4123,0.0282,0.0112,-0.0328,0.0793
H3,First step attenuation,Species richness,T0-T2,Interaction,0.0073,0.3689,0.713,0.0198,0.0112,-0.032,0.0465
H3,First step attenuation,Species diversity,T0-T2,Demographic,0.0179,0.7859,0.4339,0.0228,0.0279,-0.0273,0.0631
H3,First step attenuation,Species diversity,T0-T2,Community,0.0243,0.9308,0.3543,0.0261,0.0279,-0.0275,0.0762
H3,First step attenuation,Species diversity,T0-T2,Interaction,0.0263,1.1069,0.2711,0.0237,0.0279,-0.0209,0.0734
H3,First step attenuation,Functional specialisation,T0-T2,Demographic,0.0156,0.6286,0.5311,0.0248,0.0202,-0.0337,0.0648
H3,First step attenuation,Functional specialisation,T0-T2,Community,0.0208,0.687,0.49370000000000003,0.0303,0.0202,-0.0393,0.0809
H3,First step attenuation,Functional specialisation,T0-T2,Interaction,0.0184,1.1266,0.2627,0.0164,0.0202,-0.014,0.0509
H3,First step attenuation,Functional diversity,T0-T2,Demographic,0.0043,0.1555,0.8768,0.028,0.0097,-0.0512,0.0599
H3,First step attenuation,Functional diversity,T0-T2,Community,-0.0156,-0.5171,0.6063,0.0302,0.0097,-0.0755,0.0443
H3,First step attenuation,Functional diversity,T0-T2,Interaction,-0.025,-0.9333,0.353,0.0268,0.0097,-0.0782,0.0282
H3,First step attenuation,Total cover,T0-T2,Demographic,0.0151,0.7002,0.4855,0.0216,0.0312,-0.0277,0.0579
H3,First step attenuation,Total cover,T0-T2,Community,0.0362,1.3917,0.1672,0.026,0.0312,-0.0154,0.0877
H3,First step attenuation,Total cover,T0-T2,Interaction,0.0157,0.9774,0.3308,0.0161,0.0312,-0.0162,0.0476
H3,Reactivity,Species richness,T0-T2,Demographic,-0.0706,-3.2716,0.0016,0.0216,0.0496,-0.1136,-0.0276
H3,Reactivity,Species richness,T0-T2,Community,0.0291,0.9666,0.3368,0.0301,0.0496,-0.0308,0.0889
H3,Reactivity,Species richness,T0-T2,Interaction,0.015,0.7166,0.4758,0.0209,0.0496,-0.0267,0.0567
H3,Reactivity,Species diversity,T0-T2,Demographic,-0.0832,-2.938,0.0044,0.0283,0.0564,-0.1395,-0.0268
H3,Reactivity,Species diversity,T0-T2,Community,-0.0049,-0.1431,0.8866,0.034,0.0564,-0.0725,0.0628
H3,Reactivity,Species diversity,T0-T2,Interaction,-0.0632,-1.5135,0.1342,0.0417,0.0564,-0.1463,0.0199
H3,Reactivity,Functional specialisation,T0-T2,Demographic,-0.0503,-2.5264,0.0136,0.0199,0.1064,-0.0899,-0.0107
H3,Reactivity,Functional specialisation,T0-T2,Community,0.049,1.6849,0.0961,0.0291,0.1064,-0.0089,0.107
H3,Reactivity,Functional specialisation,T0-T2,Interaction,-0.057,-2.7817,0.0068,0.0205,0.1064,-0.0978,-0.0162
H3,Reactivity,Functional diversity,T0-T2,Demographic,0.0192,0.6085,0.5446,0.0316,0.2827,-0.0437,0.0821
H3,Reactivity,Functional diversity,T0-T2,Community,-0.01,-0.3054,0.7609,0.0328,0.2827,-0.0753,0.0553
H3,Reactivity,Functional diversity,T0-T2,Interaction,0.1417,4.5563,0,0.0311,0.2827,0.0798,0.2036
H3,Reactivity,Total cover,T0-T2,Demographic,-0.0629,-2.527,0.0136,0.0249,0.0595,-0.1125,-0.0133
H3,Reactivity,Total cover,T0-T2,Community,0.0358,1.4062,0.1637,0.0255,0.0595,-0.0149,0.0865
H3,Reactivity,Total cover,T0-T2,Interaction,-0.017,-0.5358,0.5936,0.0318,0.0595,-0.0803,0.0463
H3,First step attenuation,Species richness,T0-T3,Demographic,0.0071,0.2881,0.774,0.0247,0.0099,-0.0419,0.0561
H3,First step attenuation,Species richness,T0-T3,Community,-0.0186,-0.7974,0.4275,0.0233,0.0099,-0.0649,0.0278
H3,First step attenuation,Species richness,T0-T3,Interaction,-0.0078,-0.2772,0.7823,0.0282,0.0099,-0.0639,0.0483
H3,First step attenuation,Species diversity,T0-T3,Demographic,0.0118,0.5542,0.5809,0.0212,0.009,-0.0305,0.054
H3,First step attenuation,Species diversity,T0-T3,Community,-0.0118,-0.5259,0.6004,0.0225,0.009,-0.0566,0.0329
H3,First step attenuation,Species diversity,T0-T3,Interaction,-0.0133,-0.6767,0.5005,0.0196,0.009,-0.0523,0.0257
H3,First step attenuation,Functional specialisation,T0-T3,Demographic,0.01,0.479,0.6332,0.0209,0.0251,-0.0316,0.0516
H3,First step attenuation,Functional specialisation,T0-T3,Community,0.0284,1.0889,0.2793,0.0261,0.0251,-0.0235,0.0804
H3,First step attenuation,Functional specialisation,T0-T3,Interaction,0.0104,0.8832,0.3796,0.0118,0.0251,-0.0131,0.0339
H3,First step attenuation,Functional diversity,T0-T3,Demographic,-0.0158,-0.7026,0.4843,0.0225,0.0851,-0.0607,0.029
H3,First step attenuation,Functional diversity,T0-T3,Community,-0.0351,-1.3737,0.1732,0.0256,0.0851,-0.086,0.0157
H3,First step attenuation,Functional diversity,T0-T3,Interaction,-0.0782,-2.6222,0.0104,0.0298,0.0851,-0.1375,-0.0189
H3,First step attenuation,Total cover,T0-T3,Demographic,0.0102,0.4787,0.6334,0.0214,0.0031,-0.0322,0.0527
H3,First step attenuation,Total cover,T0-T3,Community,5e-4,0.0233,0.9815,0.0219,0.0031,-0.043,0.044
H3,First step attenuation,Total cover,T0-T3,Interaction,0.0046,0.2628,0.7933,0.0174,0.0031,-0.0301,0.0392
H3,Reactivity,Species richness,T0-T3,Demographic,-0.1579,-3.1896,0.0022,0.0495,0.0472,-0.2568,-0.0591
H3,Reactivity,Species richness,T0-T3,Community,0.002,0.0944,0.925,0.0216,0.0472,-0.041,0.0451
H3,Reactivity,Species richness,T0-T3,Interaction,0.0801,1.5728,0.1204,0.051,0.0472,-0.0215,0.1818
H3,Reactivity,Species diversity,T0-T3,Demographic,-0.1866,-2.0076,0.0487,0.093,0.0457,-0.3721,-0.0011
H3,Reactivity,Species diversity,T0-T3,Community,-0.0352,-0.9888,0.3263,0.0356,0.0457,-0.1064,0.0359
H3,Reactivity,Species diversity,T0-T3,Interaction,-0.0715,-0.5341,0.595,0.1339,0.0457,-0.3387,0.1957
H3,Reactivity,Functional specialisation,T0-T3,Demographic,-0.1322,-2.6647,0.0096,0.0496,0.135,-0.2313,-0.0332
H3,Reactivity,Functional specialisation,T0-T3,Community,0.0512,2.3625,0.021,0.0217,0.135,0.008,0.0944
H3,Reactivity,Functional specialisation,T0-T3,Interaction,-0.115,-2.3447,0.022,0.0491,0.135,-0.213,-0.0171
H3,Reactivity,Functional diversity,T0-T3,Demographic,-0.1008,-1.967,0.0533,0.0512,0.1208,-0.203,0.0015
H3,Reactivity,Functional diversity,T0-T3,Community,-0.0498,-1.9497,0.0553,0.0256,0.1208,-0.1008,0.0012
H3,Reactivity,Functional diversity,T0-T3,Interaction,0.1259,1.7996,0.0764,0.07,0.1208,-0.0137,0.2656
H3,Reactivity,Total cover,T0-T3,Demographic,-0.1312,-2.427,0.0179,0.0541,0.0343,-0.239,-0.0233
H3,Reactivity,Total cover,T0-T3,Community,0.006,0.2696,0.7883,0.0223,0.0343,-0.0385,0.0506
H3,Reactivity,Total cover,T0-T3,Interaction,0.0065,0.0979,0.9223,0.0663,0.0343,-0.1259,0.1389
H4,Population growth rate,Species richness,T0-T1,Demographic,0.0116,0.4006,0.6901,0.029,0.0107,-0.0464,0.0697
H4,Population growth rate,Species richness,T0-T1,Community,0.0238,0.7782,0.4394,0.0305,0.0107,-0.0372,0.0847
H4,Population growth rate,Species richness,T0-T1,Interaction,-0.0046,-0.1241,0.9016,0.0374,0.0107,-0.0793,0.07
H4,Population growth rate,Species diversity,T0-T1,Demographic,0.0112,0.4126,0.6813,0.0271,0.0977,-0.043,0.0653
H4,Population growth rate,Species diversity,T0-T1,Community,0.0684,3.0546,0.0033,0.0224,0.0977,0.0236,0.1131
H4,Population growth rate,Species diversity,T0-T1,Interaction,0.0132,0.609,0.5447,0.0217,0.0977,-0.0301,0.0565
H4,Population growth rate,Functional specialisation,T0-T1,Demographic,-0.013,-0.4345,0.6654,0.0299,0.0553,-0.0727,0.0468
H4,Population growth rate,Functional specialisation,T0-T1,Community,-0.0108,-0.4003,0.6903,0.0269,0.0553,-0.0646,0.0431
H4,Population growth rate,Functional specialisation,T0-T1,Interaction,-0.0639,-2.6058,0.0115,0.0245,0.0553,-0.1129,-0.0149
H4,Population growth rate,Functional diversity,T0-T1,Demographic,0.001,0.028,0.9777,0.0343,0.0285,-0.0675,0.0694
H4,Population growth rate,Functional diversity,T0-T1,Community,0.0311,0.7089,0.481,0.0439,0.0285,-0.0567,0.1189
H4,Population growth rate,Functional diversity,T0-T1,Interaction,0.0189,0.5516,0.5832,0.0342,0.0285,-0.0495,0.0872
H4,Population growth rate,Total cover,T0-T1,Demographic,0.009,0.321,0.7493,0.0281,0.0336,-0.0471,0.0652
H4,Population growth rate,Total cover,T0-T1,Community,0.0415,1.3696,0.1757,0.0303,0.0336,-0.019,0.102
H4,Population growth rate,Total cover,T0-T1,Interaction,-0.0107,-0.4037,0.6878,0.0265,0.0336,-0.0636,0.0422
H4,Population growth rate,Species richness,T0-T2,Demographic,-0.0348,-0.9647,0.3386,0.0361,0.0486,-0.1071,0.0374
H4,Population growth rate,Species richness,T0-T2,Community,0.0069,0.2124,0.8325,0.0325,0.0486,-0.0582,0.072
H4,Population growth rate,Species richness,T0-T2,Interaction,-0.0432,-1.3316,0.188,0.0324,0.0486,-0.108,0.0217
H4,Population growth rate,Species diversity,T0-T2,Demographic,-0.028,-0.966,0.3379,0.029,0.1118,-0.086,0.03
H4,Population growth rate,Species diversity,T0-T2,Community,0.0572,2.1049,0.0395,0.0272,0.1118,0.0028,0.1116
H4,Population growth rate,Species diversity,T0-T2,Interaction,-0.031,-1.3127,0.1943,0.0236,0.1118,-0.0782,0.0162
H4,Population growth rate,Functional specialisation,T0-T2,Demographic,-0.0543,-1.4627,0.1488,0.0371,0.0597,-0.1286,0.02
H4,Population growth rate,Functional specialisation,T0-T2,Community,-0.001,-0.0318,0.9747,0.0319,0.0597,-0.0648,0.0627
H4,Population growth rate,Functional specialisation,T0-T2,Interaction,-0.0605,-1.7083,0.0928,0.0354,0.0597,-0.1314,0.0103
H4,Population growth rate,Functional diversity,T0-T2,Demographic,-0.036,-0.994,0.3242,0.0362,0.0375,-0.1085,0.0365
H4,Population growth rate,Functional diversity,T0-T2,Community,-0.0322,-0.977,0.3325,0.033,0.0375,-0.0981,0.0337
H4,Population growth rate,Functional diversity,T0-T2,Interaction,0.012,0.3617,0.7188,0.0333,0.0375,-0.0545,0.0785
H4,Population growth rate,Total cover,T0-T2,Demographic,-0.0373,-1.1869,0.2399,0.0314,0.0621,-0.1,0.0255
H4,Population growth rate,Total cover,T0-T2,Community,0.0247,0.7931,0.4309,0.0312,0.0621,-0.0376,0.0871
H4,Population growth rate,Total cover,T0-T2,Interaction,-0.0496,-1.5169,0.1345,0.0327,0.0621,-0.1149,0.0158
H4,Population growth rate,Species richness,T0-T3,Demographic,0.0446,1.0107,0.3166,0.0441,0.069,-0.0438,0.1331
H4,Population growth rate,Species richness,T0-T3,Community,-0.0336,-1.1357,0.261,0.0296,0.069,-0.0929,0.0257
H4,Population growth rate,Species richness,T0-T3,Interaction,-0.0423,-1.0558,0.2957,0.0401,0.069,-0.1226,0.038
H4,Population growth rate,Species diversity,T0-T3,Demographic,0.0372,1.0064,0.3186,0.037,0.0267,-0.0369,0.1114
H4,Population growth rate,Species diversity,T0-T3,Community,-0.0064,-0.2328,0.8168,0.0273,0.0267,-0.0611,0.0484
H4,Population growth rate,Species diversity,T0-T3,Interaction,-0.0257,-0.8784,0.3836,0.0293,0.0267,-0.0844,0.0329
H4,Population growth rate,Functional specialisation,T0-T3,Demographic,0.0154,0.3761,0.7083,0.041,0.0881,-0.0667,0.0975
H4,Population growth rate,Functional specialisation,T0-T3,Community,0.0265,0.8763,0.3847,0.0303,0.0881,-0.0342,0.0872
H4,Population growth rate,Functional specialisation,T0-T3,Interaction,-0.0584,-1.5207,0.1341,0.0384,0.0881,-0.1353,0.0186
H4,Population growth rate,Functional diversity,T0-T3,Demographic,0.0093,0.2577,0.7976,0.036,0.1682,-0.0629,0.0815
H4,Population growth rate,Functional diversity,T0-T3,Community,-0.0771,-2.6976,0.0093,0.0286,0.1682,-0.1344,-0.0198
H4,Population growth rate,Functional diversity,T0-T3,Interaction,0.0596,1.8472,0.0701,0.0323,0.1682,-0.0051,0.1243
H4,Population growth rate,Total cover,T0-T3,Demographic,0.0391,1.1394,0.2595,0.0343,0.0616,-0.0296,0.10780000000000001
H4,Population growth rate,Total cover,T0-T3,Community,-0.0074,-0.2852,0.7766,0.0259,0.0616,-0.0593,0.0446
H4,Population growth rate,Total cover,T0-T3,Interaction,-0.0464,-1.5933,0.1168,0.0291,0.0616,-0.1048,0.012
H5,Maximum longevity,Species richness,T0-T1,Demographic,1.4187,2.1479,0.035,0.6605,0.2175,0.1026,2.7348
H5,Maximum longevity,Species richness,T0-T1,Community,0.1403,1.2083,0.2308,0.1161,0.2175,-0.0911,0.3716
H5,Maximum longevity,Species richness,T0-T1,Interaction,1.2387,2.0576,0.0432,0.602,0.2175,0.0392,2.4383
H5,Maximum longevity,Species diversity,T0-T1,Demographic,0.5092,3.0227,0.0034,0.1685,0.1917,0.1735,0.8449
H5,Maximum longevity,Species diversity,T0-T1,Community,0.1153,1.5545,0.1243,0.0741,0.1917,-0.0325,0.263
H5,Maximum longevity,Species diversity,T0-T1,Interaction,0.9797,2.6424,0.01,0.3708,0.1917,0.241,1.7185
H5,Maximum longevity,Functional specialisation,T0-T1,Demographic,1.0717,3.1403,0.0024,0.3413,0.1819,0.3915,1.7518
H5,Maximum longevity,Functional specialisation,T0-T1,Community,0.0363,0.3129,0.7552,0.116,0.1819,-0.1949,0.2676
H5,Maximum longevity,Functional specialisation,T0-T1,Interaction,-0.0395,-0.0624,0.9504,0.6324,0.1819,-1.2999,1.221
H5,Maximum longevity,Functional diversity,T0-T1,Demographic,1.0641,4.1261,1e-4,0.2579,0.2207,0.5501,1.5781
H5,Maximum longevity,Functional diversity,T0-T1,Community,0.145,2.2172,0.0297,0.0654,0.2207,0.0147,0.2754
H5,Maximum longevity,Functional diversity,T0-T1,Interaction,1.159,3.5195,7e-4,0.3293,0.2207,0.5027,1.8153
H5,Maximum longevity,Total cover,T0-T1,Demographic,1.0591,5.4149,0,0.1956,0.1666,0.6694,1.4488
H5,Maximum longevity,Total cover,T0-T1,Community,0.0491,1.1686,0.2463,0.042,0.1666,-0.0346,0.1329
H5,Maximum longevity,Total cover,T0-T1,Interaction,0.424,2.1801,0.0324,0.1945,0.1666,0.0365,0.8115
H5,Mean life expectancy,Species richness,T0-T1,Demographic,1.1005,3.079,0.0029,0.3574,0.1743,0.3883,1.8127
H5,Mean life expectancy,Species richness,T0-T1,Community,-0.1282,-3.0559,0.0031,0.0419,0.1743,-0.2118,-0.0446
H5,Mean life expectancy,Species richness,T0-T1,Interaction,-0.5488,-2.0772,0.0412,0.2642,0.1743,-1.0752,-0.0224
H5,Mean life expectancy,Species diversity,T0-T1,Demographic,1.1683,2.7164,0.0082,0.4301,0.1766,0.3113,2.0253
H5,Mean life expectancy,Species diversity,T0-T1,Community,-0.1466,-2.0378,0.0451,0.0719,0.1766,-0.2899,-0.0033
H5,Mean life expectancy,Species diversity,T0-T1,Interaction,-0.7711,-1.6229,0.1089,0.4752,0.1766,-1.7179,0.1757
H5,Mean life expectancy,Functional specialisation,T0-T1,Demographic,1.6726,10.9842,0,0.1523,0.2822,1.3691,1.9761
H5,Mean life expectancy,Functional specialisation,T0-T1,Community,0.1932,6.8222,0,0.0283,0.2822,0.1368,0.2497
H5,Mean life expectancy,Functional specialisation,T0-T1,Interaction,1.1201,8.2324,0,0.1361,0.2822,0.849,1.3913
H5,Mean life expectancy,Functional diversity,T0-T1,Demographic,1.154,1.743,0.0855,0.6621,0.203,-0.1655,2.4736
H5,Mean life expectancy,Functional diversity,T0-T1,Community,0.1026,0.8527,0.3966,0.1203,0.203,-0.1372,0.3423
H5,Mean life expectancy,Functional diversity,T0-T1,Interaction,1.1148,1.3298,0.1877,0.8384,0.203,-0.556,2.7857
H5,Mean life expectancy,Total cover,T0-T1,Demographic,1.5206,4.2553,1e-4,0.3573,0.1855,0.8086,2.2325
H5,Mean life expectancy,Total cover,T0-T1,Community,0.1026,1.7626,0.0821,0.0582,0.1855,-0.0134,0.2186
H5,Mean life expectancy,Total cover,T0-T1,Interaction,0.8508,2.0327,0.0457,0.4186,0.1855,0.0168,1.6848
H5,Maximum longevity,Species richness,T0-T2,Demographic,0.5094,3.7468,4e-4,0.136,0.1316,0.2382,0.7806
H5,Maximum longevity,Species richness,T0-T2,Community,0.029,0.7537,0.4536,0.0385,0.1316,-0.0478,0.1059
H5,Maximum longevity,Species richness,T0-T2,Interaction,0.402,3.5209,8e-4,0.1142,0.1316,0.1742,0.6298
H5,Maximum longevity,Species diversity,T0-T2,Demographic,0.4472,3.4093,0.0011,0.1312,0.1905,0.1855,0.7089
H5,Maximum longevity,Species diversity,T0-T2,Community,0.0958,1.5722,0.1205,0.0609,0.1905,-0.0258,0.2173
H5,Maximum longevity,Species diversity,T0-T2,Interaction,0.8315,3.1463,0.0024,0.2643,0.1905,0.3043,1.3588
H5,Maximum longevity,Functional specialisation,T0-T2,Demographic,1.5459,7.1349,0,0.2167,0.3107,1.1137,1.9782
H5,Maximum longevity,Functional specialisation,T0-T2,Community,0.2712,4.9758,0,0.0545,0.3107,0.1624,0.3799
H5,Maximum longevity,Functional specialisation,T0-T2,Interaction,1.1979,6.8853,0,0.174,0.3107,0.8509,1.545
H5,Maximum longevity,Functional diversity,T0-T2,Demographic,1.0916,3.1832,0.0022,0.3429,0.2363,0.4075,1.7757
H5,Maximum longevity,Functional diversity,T0-T2,Community,0.1745,2.2138,0.0301,0.0788,0.2363,0.0173,0.3318
H5,Maximum longevity,Functional diversity,T0-T2,Interaction,1.1296,3.2544,0.0018,0.3471,0.2363,0.4372,1.822
H5,Maximum longevity,Total cover,T0-T2,Demographic,0.0386,3.338,0.0014,0.0116,0.0738,0.0155,0.0616
H5,Maximum longevity,Total cover,T0-T2,Community,0.0208,0.5643,0.5744,0.0369,0.0738,-0.0528,0.0945
H5,Maximum longevity,Total cover,T0-T2,Interaction,0.105,2.767,0.0073,0.0379,0.0738,0.0293,0.1807
H5,Mean life expectancy,Species richness,T0-T2,Demographic,0.4693,4.4983,0,0.1043,0.1268,0.2612,0.6775
H5,Mean life expectancy,Species richness,T0-T2,Community,-6e-4,-0.0224,0.9822,0.0265,0.1268,-0.0535,0.0523
H5,Mean life expectancy,Species richness,T0-T2,Interaction,0.3501,4.5506,0,0.0769,0.1268,0.1966,0.5036
H5,Mean life expectancy,Species diversity,T0-T2,Demographic,0.342,3.4223,0.001,0.0999,0.1417,0.1427,0.5414
H5,Mean life expectancy,Species diversity,T0-T2,Community,0.0224,0.7343,0.4653,0.0305,0.1417,-0.0385,0.0833
H5,Mean life expectancy,Species diversity,T0-T2,Interaction,0.5991,3.5215,8e-4,0.1701,0.1417,0.2597,0.9384
H5,Mean life expectancy,Functional specialisation,T0-T2,Demographic,3.229,5.3142,0,0.6076,0.239,2.0168,4.4411
H5,Mean life expectancy,Functional specialisation,T0-T2,Community,0.4106,4.8609,0,0.0845,0.239,0.2421,0.5791
H5,Mean life expectancy,Functional specialisation,T0-T2,Interaction,2.519,5.1202,0,0.492,0.239,1.5375,3.5005
H5,Mean life expectancy,Functional diversity,T0-T2,Demographic,0.2133,7.521,0,0.0284,0.1164,0.1567,0.2699
H5,Mean life expectancy,Functional diversity,T0-T2,Community,-0.0176,-0.5775,0.5655,0.0306,0.1164,-0.0786,0.0433
H5,Mean life expectancy,Functional diversity,T0-T2,Interaction,0.2338,8.1807,0,0.0286,0.1164,0.1768,0.2908
H5,Mean life expectancy,Total cover,T0-T2,Demographic,0.0868,7.2073,0,0.0121,0.0761,0.0628,0.1109
H5,Mean life expectancy,Total cover,T0-T2,Community,0.0481,1.4515,0.1512,0.0331,0.0761,-0.018,0.1142
H5,Mean life expectancy,Total cover,T0-T2,Interaction,0.2638,9.8534,0,0.0268,0.0761,0.2104,0.3173
H5,Maximum longevity,Species richness,T0-T3,Demographic,0.0754,4.7492,0,0.0159,0.093,0.0437,0.1071
H5,Maximum longevity,Species richness,T0-T3,Community,-0.0671,-2.0982,0.0398,0.032,0.093,-0.131,-0.0032
H5,Maximum longevity,Species richness,T0-T3,Interaction,0.0333,2.4673,0.0163,0.0135,0.093,0.0064,0.0603
H5,Maximum longevity,Species diversity,T0-T3,Demographic,0.0661,5.8948,0,0.0112,0.1309,0.0437,0.0885
H5,Maximum longevity,Species diversity,T0-T3,Community,-0.078,-2.3534,0.0216,0.0331,0.1309,-0.1442,-0.0118
H5,Maximum longevity,Species diversity,T0-T3,Interaction,0.0561,3.11,0.0028,0.018,0.1309,0.0201,0.0921
H5,Maximum longevity,Functional specialisation,T0-T3,Demographic,-0.0681,-0.3068,0.76,0.2218,0.0451,-0.5111,0.3749
H5,Maximum longevity,Functional specialisation,T0-T3,Community,1e-4,0.0011,0.9991,0.0501,0.0451,-0.1,0.1001
H5,Maximum longevity,Functional specialisation,T0-T3,Interaction,-0.0973,-0.5441,0.5882,0.1787,0.0451,-0.4542,0.2597
H5,Maximum longevity,Functional diversity,T0-T3,Demographic,0.1294,1.7143,0.0912,0.0755,0.0926,-0.0214,0.2802
H5,Maximum longevity,Functional diversity,T0-T3,Community,-0.0265,-0.5581,0.5787,0.0475,0.0926,-0.1213,0.0683
H5,Maximum longevity,Functional diversity,T0-T3,Interaction,0.2178,1.0785,0.2848,0.202,0.0926,-0.1855,0.6212
H5,Maximum longevity,Total cover,T0-T3,Demographic,0.044,5.0023,0,0.0088,0.0319,0.0264,0.0616
H5,Maximum longevity,Total cover,T0-T3,Community,-0.0059,-0.1653,0.8692,0.0357,0.0319,-0.0772,0.0654
H5,Maximum longevity,Total cover,T0-T3,Interaction,0.0117,0.3668,0.715,0.032,0.0319,-0.0521,0.0756
H5,Mean life expectancy,Species richness,T0-T3,Demographic,0.122,3.413,0.0011,0.0357,0.09,0.0506,0.1934
H5,Mean life expectancy,Species richness,T0-T3,Community,-0.0614,-1.9841,0.0515,0.031,0.09,-0.1233,4e-4
H5,Mean life expectancy,Species richness,T0-T3,Interaction,0.0767,2.4099,0.0188,0.0318,0.09,0.0131,0.1402
H5,Mean life expectancy,Species diversity,T0-T3,Demographic,0.0996,4.9689,0,0.02,0.1316,0.0596,0.1396
H5,Mean life expectancy,Species diversity,T0-T3,Community,-0.0706,-2.2249,0.0296,0.0317,0.1316,-0.1339,-0.0072
H5,Mean life expectancy,Species diversity,T0-T3,Interaction,0.1311,3.2758,0.0017,0.04,0.1316,0.0512,0.211
H5,Mean life expectancy,Functional specialisation,T0-T3,Demographic,0.1174,0.4077,0.6848,0.288,0.0359,-0.4578,0.6927
H5,Mean life expectancy,Functional specialisation,T0-T3,Community,0.0273,0.5174,0.6067,0.0528,0.0359,-0.0781,0.1327
H5,Mean life expectancy,Functional specialisation,T0-T3,Interaction,0.0567,0.2442,0.8079,0.2323,0.0359,-0.4072,0.5206
H5,Mean life expectancy,Functional diversity,T0-T3,Demographic,0.0619,1.2608,0.2119,0.0491,0.0773,-0.0362,0.16
H5,Mean life expectancy,Functional diversity,T0-T3,Community,-0.0574,-1.9168,0.0597,0.03,0.0773,-0.1172,0.0024
H5,Mean life expectancy,Functional diversity,T0-T3,Interaction,0.0542,0.4108,0.6826,0.132,0.0773,-0.2094,0.3178
H5,Mean life expectancy,Total cover,T0-T3,Demographic,0.0412,3.9237,2e-4,0.0105,0.0289,0.0203,0.0622
H5,Mean life expectancy,Total cover,T0-T3,Community,-0.0031,-0.0913,0.9275,0.0342,0.0289,-0.0713,0.0651
H5,Mean life expectancy,Total cover,T0-T3,Interaction,0.0202,0.2535,0.8007,0.0799,0.0289,-0.1393,0.1798
